Recording	Media	Sentence_index	Word_index	Participant	age	sexe	situation_actuelle	Timeline	AOI	Total_duration_of_fixations	Average_duration_of_fixations	Minimum_duration_of_fixations	Maximum_duration_of_fixations	Number_of_fixations	Time_to_first_fixation	Duration_of_first_fixation	Last_AOI_viewed	Average_pupil_diameter	Total_duration_of_whole_fixations	Average_duration_of_whole_fixations	Minimum_duration_of_whole_fixations	Maximum_duration_of_whole_fixations	Number_of_whole_fixations	Time_to_first_whole_fixation	Duration_of_first_whole_fixation	Number_of_saccades_in_AOI	Time_to_entry_saccade	Time_to_exit_saccade	Peak_velocity_of_entry_saccade	Peak_velocity_of_exit_saccade	AOI_string	Text_unit_type	Number_of_units	First-pass_first_fixation_duration	First-pass_duration	Selective_regression-path_duration	First-pass_regression	Regression-path_duration	Re-reading_duration	text_type	version	text_name	total_count
Recording19	cas_226_Original_1	1	1	SET_2_B_general_participant8	48 53	F	employé	Timeline2	Cas	98	98.0	98.0	98.0	1	878.0	98.0	travers	2,73945	98	98.0	98.0	98.0	1	878.0	98.0	0					Cas	Word	3	98.0	98.0	98.0	0.0	98.0	0.0	clinical	original	226	1
Recording19	cas_226_Original_1	1	2	SET_2_B_general_participant8	48 53	F	employé	Timeline2	clinique	210	105.0	88.0	122.0	2	1156.0	88.0	travers	2,75288	210	105.0	88.0	122.0	2	1156.0	88.0	0					clinique	Word	8	88.0	210.0	210.0	0.0	210.0	0.0	clinical	original	226	2
Recording19	cas_226_Original_1	2	1	SET_2_B_general_participant8	48 53	F	employé	Timeline2	B.H	845	211.0	107.0	332.0	4	1568.0	120.0	travers	2,63653	845	211.0	107.0	332.0	4	1568.0	120.0	1	1551.0	2291.0	74,37	103,39	B.H	Word	3	0.0	0.0	0.0		0.0	0.0	clinical	original	226	3
Recording19	cas_226_Original_1	2	2	SET_2_B_general_participant8	48 53	F	employé	Timeline2	âgée	400	133.0	108.0	175.0	3	1435.0	117.0	travers	2,62879	400	133.0	108.0	175.0	3	1435.0	117.0	0	2291.0	1551.0	103,39	74,37	âgée	Word	4	117.0	117.0	400.0	1.0	1245.0	1128.0	clinical	original	226	4
Recording19	cas_226_Original_1	2	3	SET_2_B_general_participant8	48 53	F	employé	Timeline2	de	0				0			travers		0				0			0					de	Word	2	0.0	0.0	0.0		0.0	0.0	clinical	original	226	5
Recording19	cas_226_Original_1	2	4	SET_2_B_general_participant8	48 53	F	employé	Timeline2	30	162	162.0	162.0	162.0	1	3063.0	162.0	travers	2,53929	162	162.0	162.0	162.0	1	3063.0	162.0	0					30	Word	2	162.0	162.0	162.0	0.0	162.0	0.0	clinical	original	226	6
Recording19	cas_226_Original_1	2	5	SET_2_B_general_participant8	48 53	F	employé	Timeline2	ans	0				0			travers		0				0			0					ans,	Word	4	0.0	0.0	0.0		0.0	0.0	clinical	original	226	7
Recording19	cas_226_Original_1	2	6	SET_2_B_general_participant8	48 53	F	employé	Timeline2	sans	167	167.0	167.0	167.0	1	3280.0	167.0	travers	2,49671	167	167.0	167.0	167.0	1	3280.0	167.0	0					sans	Word	4	167.0	167.0	167.0	0.0	167.0	0.0	clinical	original	226	8
Recording19	cas_226_Original_1	2	7	SET_2_B_general_participant8	48 53	F	employé	Timeline2	antécédents	405	202.0	123.0	282.0	2	3498.0	282.0	travers	2,41678	405	202.0	123.0	282.0	2	3498.0	282.0	1		3921.0		328,68	antécédents	Word	11	282.0	405.0	405.0	0.0	405.0	0.0	clinical	original	226	9
Recording19	cas_226_Original_1	2	8	SET_2_B_general_participant8	48 53	F	employé	Timeline2	pathologiques	483	161.0	140.0	185.0	3	3961.0	140.0	travers	2,37397	483	161.0	140.0	185.0	3	3961.0	140.0	2	3921.0	4478.0	328,68	295,92	pathologiques	Word	13	140.0	483.0	483.0	0.0	483.0	0.0	clinical	original	226	10
Recording19	cas_226_Original_1	2	9	SET_2_B_general_participant8	48 53	F	employé	Timeline2	particuliers	602	602.0	602.0	602.0	1	4518.0	602.0	travers	2,41042	602	602.0	602.0	602.0	1	4518.0	602.0	0	4478.0	5120.0	295,92	528,53	particuliers,	Word	13	602.0	602.0	602.0	0.0	602.0	0.0	clinical	original	226	11
Recording19	cas_226_Original_1	2	10	SET_2_B_general_participant8	48 53	F	employé	Timeline2	présentait	657	219.0	97.0	418.0	3	5210.0	97.0	travers	2,50633	657	219.0	97.0	418.0	3	5210.0	97.0	0	5120.0		528,53		présentait	Word	10	97.0	238.0	238.0	0.0	238.0	0.0	clinical	original	226	12
Recording19	cas_226_Original_1	2	11	SET_2_B_general_participant8	48 53	F	employé	Timeline2	depuis	502	251.0	77.0	425.0	2	5688.0	77.0	travers	2,49601	502	251.0	77.0	425.0	2	5688.0	77.0	0					depuis	Word	6	77.0	77.0	502.0	1.0	920.0	843.0	clinical	original	226	13
Recording19	cas_226_Original_1	2	12	SET_2_B_general_participant8	48 53	F	employé	Timeline2	5	0				0			travers		0				0			0					5	Word	1	0.0	0.0	0.0		0.0	0.0	clinical	original	226	14
Recording19	cas_226_Original_1	2	13	SET_2_B_general_participant8	48 53	F	employé	Timeline2	mois	157	157.0	157.0	157.0	1	6746.0	157.0	travers	2,46075	157	157.0	157.0	157.0	1	6746.0	157.0	0					mois	Word	4	157.0	157.0	157.0	0.0	157.0	0.0	clinical	original	226	15
Recording19	cas_226_Original_1	2	14	SET_2_B_general_participant8	48 53	F	employé	Timeline2	avant	283	142.0	108.0	175.0	2	6958.0	108.0	travers	2,44381	283	142.0	108.0	175.0	2	6958.0	108.0	1		7258.0		277,34	avant	Word	5	108.0	283.0	283.0	0.0	283.0	0.0	clinical	original	226	16
Recording19	cas_226_Original_1	2	15	SET_2_B_general_participant8	48 53	F	employé	Timeline2	son	132	132.0	132.0	132.0	1	7520.0	132.0	travers	2,40287	132	132.0	132.0	132.0	1	7520.0	132.0	0					son	Word	3	0.0	0.0	0.0		0.0	0.0	clinical	original	226	17
Recording19	cas_226_Original_1	2	16	SET_2_B_general_participant8	48 53	F	employé	Timeline2	hospitalisation	192	192.0	192.0	192.0	1	7291.0	192.0	travers	2,42343	192	192.0	192.0	192.0	1	7291.0	192.0	0	7258.0		277,34		hospitalisation	Word	15	192.0	192.0	192.0	1.0	323.0	132.0	clinical	original	226	18
Recording19	cas_226_Original_1	2	17	SET_2_B_general_participant8	48 53	F	employé	Timeline2	un	105	105.0	105.0	105.0	1	7725.0	105.0	travers	2,43295	105	105.0	105.0	105.0	1	7725.0	105.0	0					un	Word	2	105.0	105.0	105.0	0.0	105.0	0.0	clinical	original	226	19
Recording19	cas_226_Original_1	2	18	SET_2_B_general_participant8	48 53	F	employé	Timeline2	tableau	170	170.0	170.0	170.0	1	7864.0	170.0	travers	2,44767	170	170.0	170.0	170.0	1	7864.0	170.0	0		8034.0		538,02	tableau	Word	7	170.0	170.0	170.0	0.0	170.0	0.0	clinical	original	226	20
Recording19	cas_226_Original_1	2	19	SET_2_B_general_participant8	48 53	F	employé	Timeline2	clinique	228	114.0	108.0	120.0	2	8239.0	108.0	travers	2,52091	228	114.0	108.0	120.0	2	8239.0	108.0	0	8216.0		158,11		clinique	Word	8	0.0	0.0	0.0		0.0	0.0	clinical	original	226	21
Recording19	cas_226_Original_1	2	20	SET_2_B_general_participant8	48 53	F	employé	Timeline2	associant	473	158.0	102.0	213.0	3	8114.0	102.0	travers	2,56155	473	158.0	102.0	213.0	3	8114.0	102.0	0	8034.0	8216.0	538,02	158,11	associant	Word	9	102.0	102.0	473.0	1.0	702.0	600.0	clinical	original	226	22
Recording19	cas_226_Original_1	2	21	SET_2_B_general_participant8	48 53	F	employé	Timeline2	une	115	115.0	115.0	115.0	1	9291.0	115.0	travers	2,49042	115	115.0	115.0	115.0	1	9291.0	115.0	0	9273.0		84,39		une	Word	3	0.0	0.0	0.0		0.0	0.0	clinical	original	226	23
Recording19	cas_226_Original_1	2	22	SET_2_B_general_participant8	48 53	F	employé	Timeline2	dysurie	927	309.0	120.0	603.0	3	9153.0	120.0	travers	2,43398	927	309.0	120.0	603.0	3	9153.0	120.0	1		9273.0		84,39	dysurie,	Word	8	120.0	120.0	927.0	1.0	1042.0	922.0	clinical	original	226	24
Recording19	cas_226_Original_1	2	23	SET_2_B_general_participant8	48 53	F	employé	Timeline2	une	0				0			travers		0				0			0					une	Word	3	0.0	0.0	0.0		0.0	0.0	clinical	original	226	25
Recording19	cas_226_Original_1	2	24	SET_2_B_general_participant8	48 53	F	employé	Timeline2	pollakiurie	1602	320.0	217.0	610.0	5	10314.0	217.0	travers	2,32142	1602	320.0	217.0	610.0	5	10314.0	217.0	4	10281.0		272,58		pollakiurie	Word	11	217.0	1602.0	1602.0	0.0	1602.0	0.0	clinical	original	226	26
Recording19	cas_226_Original_1	2	25	SET_2_B_general_participant8	48 53	F	employé	Timeline2	avec	233	233.0	233.0	233.0	1	12034.0	233.0	travers	2,26005	233	233.0	233.0	233.0	1	12034.0	233.0	0					avec	Word	4	233.0	233.0	233.0	0.0	233.0	0.0	clinical	original	226	27
Recording19	cas_226_Original_1	2	26	SET_2_B_general_participant8	48 53	F	employé	Timeline2	une	120	120.0	120.0	120.0	1	12303.0	120.0	travers	2,27625	120	120.0	120.0	120.0	1	12303.0	120.0	0					une	Word	3	120.0	120.0	120.0	0.0	120.0	0.0	clinical	original	226	28
Recording19	cas_226_Original_1	2	27	SET_2_B_general_participant8	48 53	F	employé	Timeline2	impériosité	328	164.0	80.0	248.0	2	12529.0	80.0	travers	2,30922	328	164.0	80.0	248.0	2	12529.0	80.0	0					impériosité	Word	11	80.0	328.0	328.0	0.0	328.0	0.0	clinical	original	226	29
Recording19	cas_226_Original_1	2	28	SET_2_B_general_participant8	48 53	F	employé	Timeline2	mictionnelle	1075	215.0	103.0	445.0	5	12946.0	103.0	travers	2,44716	1075	215.0	103.0	445.0	5	12946.0	103.0	2					mictionnelle	Word	12	103.0	1075.0	1075.0	0.0	1075.0	0.0	clinical	original	226	30
Recording19	cas_226_Original_1	2	29	SET_2_B_general_participant8	48 53	F	employé	Timeline2	et	0				0			travers		0				0			0					et	Word	2	0.0	0.0	0.0		0.0	0.0	clinical	original	226	31
Recording19	cas_226_Original_1	2	30	SET_2_B_general_participant8	48 53	F	employé	Timeline2	des	265	132.0	107.0	158.0	2	14441.0	107.0	travers	2,38097	265	132.0	107.0	158.0	2	14441.0	107.0	1		14723.0		143,18	des	Word	3	107.0	265.0	265.0	0.0	265.0	0.0	clinical	original	226	32
Recording19	cas_226_Original_1	2	31	SET_2_B_general_participant8	48 53	F	employé	Timeline2	brûlures	167	167.0	167.0	167.0	1	14746.0	167.0	travers	2,37049	167	167.0	167.0	167.0	1	14746.0	167.0	0	14723.0	14913.0	143,18	325	brûlures	Word	8	167.0	167.0	167.0	0.0	167.0	0.0	clinical	original	226	33
Recording19	cas_226_Original_1	2	32	SET_2_B_general_participant8	48 53	F	employé	Timeline2	mictionnlles	707	177.0	132.0	293.0	4	14949.0	293.0	travers	2,34643	707	177.0	132.0	293.0	4	14949.0	293.0	3	14913.0	15706.0	325	253,31	mictionnlles,	Word	13	293.0	707.0	707.0	0.0	707.0	0.0	clinical	original	226	34
Recording19	cas_226_Original_1	2	33	SET_2_B_general_participant8	48 53	F	employé	Timeline2	qui	0				0			travers		0				0			0					qui	Word	3	0.0	0.0	0.0		0.0	0.0	clinical	original	226	35
Recording19	cas_226_Original_1	2	34	SET_2_B_general_participant8	48 53	F	employé	Timeline2	s’est	357	178.0	153.0	203.0	2	15739.0	203.0	travers	2,32608	357	178.0	153.0	203.0	2	15739.0	203.0	1	15706.0		253,31		s’est	Word	5	203.0	357.0	357.0	0.0	357.0	0.0	clinical	original	226	36
Recording19	cas_226_Original_1	2	35	SET_2_B_general_participant8	48 53	F	employé	Timeline2	compliqué	277	138.0	72.0	205.0	2	16221.0	72.0	travers	2,31678	277	138.0	72.0	205.0	2	16221.0	72.0	1					compliqué	Word	9	72.0	277.0	277.0	0.0	277.0	0.0	clinical	original	226	37
Recording19	cas_226_Original_1	2	36	SET_2_B_general_participant8	48 53	F	employé	Timeline2	par	200	200.0	200.0	200.0	1	16576.0	200.0	travers	2,33345	200	200.0	200.0	200.0	1	16576.0	200.0	0					par	Word	3	200.0	200.0	200.0	0.0	200.0	0.0	clinical	original	226	38
Recording19	cas_226_Original_1	2	37	SET_2_B_general_participant8	48 53	F	employé	Timeline2	la	0				0			travers		0				0			0					la	Word	2	0.0	0.0	0.0		0.0	0.0	clinical	original	226	39
Recording19	cas_226_Original_1	2	38	SET_2_B_general_participant8	48 53	F	employé	Timeline2	suite	133	133.0	133.0	133.0	1	16811.0	133.0	travers	2,33467	133	133.0	133.0	133.0	1	16811.0	133.0	0					suite	Word	5	133.0	133.0	133.0	0.0	133.0	0.0	clinical	original	226	40
Recording19	cas_226_Original_1	2	39	SET_2_B_general_participant8	48 53	F	employé	Timeline2	d’une	0				0			travers		0				0			0					d’une	Word	5	0.0	0.0	0.0		0.0	0.0	clinical	original	226	41
Recording19	cas_226_Original_1	2	40	SET_2_B_general_participant8	48 53	F	employé	Timeline2	hématurie	1105	184.0	117.0	235.0	6	17004.0	235.0	travers	2,29364	1105	184.0	117.0	235.0	6	17004.0	235.0	5		18199.0		245,47	hématurie	Word	9	235.0	1105.0	1105.0	0.0	1105.0	0.0	clinical	original	226	42
Recording19	cas_226_Original_1	2	41	SET_2_B_general_participant8	48 53	F	employé	Timeline2	terminale	505	505.0	505.0	505.0	1	18229.0	505.0	travers	2,30982	505	505.0	505.0	505.0	1	18229.0	505.0	0	18199.0	18734.0	245,47	221,42	terminale	Word	9	505.0	505.0	505.0	0.0	505.0	0.0	clinical	original	226	43
Recording19	cas_226_Original_1	2	42	SET_2_B_general_participant8	48 53	F	employé	Timeline2	et	0				0			travers		0				0			0					et	Word	2	0.0	0.0	0.0		0.0	0.0	clinical	original	226	44
Recording19	cas_226_Original_1	2	43	SET_2_B_general_participant8	48 53	F	employé	Timeline2	des	308	308.0	308.0	308.0	1	18771.0	308.0	travers	2,30063	308	308.0	308.0	308.0	1	18771.0	308.0	0	18734.0	19079.0	221,42	477,44	des	Word	3	308.0	308.0	308.0	0.0	308.0	0.0	clinical	original	226	45
Recording19	cas_226_Original_1	2	44	SET_2_B_general_participant8	48 53	F	employé	Timeline2	lombalgies	848	170.0	103.0	245.0	5	19161.0	103.0	travers	2,32503	848	170.0	103.0	245.0	5	19161.0	103.0	3	19079.0		477,44		lombalgies	Word	10	103.0	848.0	848.0	0.0	848.0	0.0	clinical	original	226	46
Recording19	cas_226_Original_1	2	45	SET_2_B_general_participant8	48 53	F	employé	Timeline2	gauches	255	128.0	115.0	140.0	2	20153.0	115.0	travers	2,33668	255	128.0	115.0	140.0	2	20153.0	115.0	1		20424.0		290,34	gauches,	Word	8	115.0	255.0	255.0	0.0	255.0	0.0	clinical	original	226	47
Recording19	cas_226_Original_1	2	46	SET_2_B_general_participant8	48 53	F	employé	Timeline2	évoluant	237	237.0	237.0	237.0	1	20456.0	237.0	travers	2,32549	237	237.0	237.0	237.0	1	20456.0	237.0	0	20424.0	20693.0	290,34	240,28	évoluant	Word	8	237.0	237.0	237.0	0.0	237.0	0.0	clinical	original	226	48
Recording19	cas_226_Original_1	2	47	SET_2_B_general_participant8	48 53	F	employé	Timeline2	dans	112	112.0	112.0	112.0	1	20733.0	112.0	travers	2,3213	112	112.0	112.0	112.0	1	20733.0	112.0	0	20693.0		240,28		dans	Word	4	112.0	112.0	112.0	0.0	112.0	0.0	clinical	original	226	49
Recording19	cas_226_Original_1	2	48	SET_2_B_general_participant8	48 53	F	employé	Timeline2	un	0				0			travers		0				0			0					un	Word	2	0.0	0.0	0.0		0.0	0.0	clinical	original	226	50
Recording19	cas_226_Original_1	2	49	SET_2_B_general_participant8	48 53	F	employé	Timeline2	contexte	292	146.0	102.0	190.0	2	21069.0	102.0	travers	2,40428	292	146.0	102.0	190.0	2	21069.0	102.0	1		21383.0		216,32	contexte	Word	8	102.0	292.0	292.0	0.0	292.0	0.0	clinical	original	226	51
Recording19	cas_226_Original_1	2	50	SET_2_B_general_participant8	48 53	F	employé	Timeline2	d’apyrexie	1175	294.0	132.0	417.0	4	21418.0	218.0	travers	2,44402	1175	294.0	132.0	417.0	4	21418.0	218.0	3	21383.0	22651.0	216,32	207,87	d’apyrexie	Word	10	218.0	1175.0	1175.0	0.0	1175.0	0.0	clinical	original	226	52
Recording19	cas_226_Original_1	2	51	SET_2_B_general_participant8	48 53	F	employé	Timeline2	et	0				0			travers		0				0			0					et	Word	2	0.0	0.0	0.0		0.0	0.0	clinical	original	226	53
Recording19	cas_226_Original_1	2	52	SET_2_B_general_participant8	48 53	F	employé	Timeline2	de	385	385.0	385.0	385.0	1	22683.0	385.0	travers	2,45646	385	385.0	385.0	385.0	1	22683.0	385.0	0	22651.0	23068.0	207,87	473,69	de	Word	2	385.0	385.0	385.0	0.0	385.0	0.0	clinical	original	226	54
Recording19	cas_226_Original_1	2	53	SET_2_B_general_participant8	48 53	F	employé	Timeline2	conservation	703	176.0	90.0	255.0	4	23166.0	90.0	travers	2,45165	703	176.0	90.0	255.0	4	23166.0	90.0	2	23068.0		473,69		conservation	Word	12	90.0	703.0	703.0	0.0	703.0	0.0	clinical	original	226	55
Recording19	cas_226_Original_1	2	54	SET_2_B_general_participant8	48 53	F	employé	Timeline2	de	265	265.0	265.0	265.0	1	29971.0	265.0	travers	2,3638	265	265.0	265.0	265.0	1	29971.0	265.0	0	29933.0	30236.0	335,44	119,63	de	Word	2	0.0	0.0	0.0		0.0	0.0	clinical	original	226	56
Recording19	cas_226_Original_1	2	55	SET_2_B_general_participant8	48 53	F	employé	Timeline2	l’état	515	172.0	123.0	245.0	3	23994.0	245.0	travers	2,43199	515	172.0	123.0	245.0	3	23994.0	245.0	2					l’état	Word	6	245.0	515.0	515.0	0.0	515.0	0.0	clinical	original	226	57
Recording19	cas_226_Original_1	2	56	SET_2_B_general_participant8	48 53	F	employé	Timeline2	général	118	118.0	118.0	118.0	1	24603.0	118.0	travers	2,44677	118	118.0	118.0	118.0	1	24603.0	118.0	0					général.	Word	8	118.0	118.0	118.0	0.0	118.0	0.0	clinical	original	226	58
Recording19	cas_226_Original_1	3	1	SET_2_B_general_participant8	48 53	F	employé	Timeline2	Par	0				0			travers		0				0			0					Par	Word	3	0.0	0.0	0.0		0.0	0.0	clinical	original	226	59
Recording19	cas_226_Original_1	3	2	SET_2_B_general_participant8	48 53	F	employé	Timeline2	ailleurs	440	220.0	123.0	317.0	2	24776.0	317.0	travers	2,44056	440	220.0	123.0	317.0	2	24776.0	317.0	1		25231.0		275,95	ailleurs,	Word	9	317.0	440.0	440.0	0.0	440.0	0.0	clinical	original	226	60
Recording19	cas_226_Original_1	3	3	SET_2_B_general_participant8	48 53	F	employé	Timeline2	la	0				0			travers		0				0			0					la	Word	2	0.0	0.0	0.0		0.0	0.0	clinical	original	226	61
Recording19	cas_226_Original_1	3	4	SET_2_B_general_participant8	48 53	F	employé	Timeline2	patiente	1178	196.0	93.0	303.0	6	25266.0	188.0	travers	2,36643	1178	196.0	93.0	303.0	6	25266.0	188.0	3	25231.0	26096.0	275,95	177	patiente	Word	8	188.0	762.0	762.0	0.0	762.0	0.0	clinical	original	226	62
Recording19	cas_226_Original_1	3	5	SET_2_B_general_participant8	48 53	F	employé	Timeline2	rapportait	612	204.0	175.0	225.0	3	26121.0	212.0	travers	2,39664	612	204.0	175.0	225.0	3	26121.0	212.0	2	26096.0	26771.0	177	488,55	rapportait	Word	10	212.0	612.0	612.0	0.0	612.0	0.0	clinical	original	226	63
Recording19	cas_226_Original_1	3	6	SET_2_B_general_participant8	48 53	F	employé	Timeline2	une	153	153.0	153.0	153.0	1	26993.0	153.0	travers	2,41159	153	153.0	153.0	153.0	1	26993.0	153.0	0	26969.0	27146.0	133,82	87,8	une	Word	3	0.0	0.0	0.0		0.0	0.0	clinical	original	226	64
Recording19	cas_226_Original_1	3	7	SET_2_B_general_participant8	48 53	F	employé	Timeline2	notion	337	112.0	103.0	122.0	3	26866.0	103.0	travers	2,41902	337	112.0	103.0	122.0	3	26866.0	103.0	0	26771.0	26969.0	488,55	133,82	notion	Word	6	103.0	103.0	337.0	1.0	490.0	387.0	clinical	original	226	65
Recording19	cas_226_Original_1	3	8	SET_2_B_general_participant8	48 53	F	employé	Timeline2	de	563	282.0	260.0	303.0	2	30258.0	303.0	travers	2,37523	563	282.0	260.0	303.0	2	30258.0	303.0	0	30236.0	34574.0	119,63	95,06	de	Word	2	0.0	0.0	0.0		0.0	0.0	clinical	original	226	66
Recording19	cas_226_Original_1	3	9	SET_2_B_general_participant8	48 53	F	employé	Timeline2	leucorrhées	1930	175.0	107.0	253.0	11	27689.0	253.0	travers	2,39122	1930	175.0	107.0	253.0	11	27689.0	253.0	8		31118.0		289,86	leucorrhées	Word	11	253.0	1168.0	1168.0	0.0	1168.0	0.0	clinical	original	226	67
Recording19	cas_226_Original_1	3	10	SET_2_B_general_participant8	48 53	F	employé	Timeline2	fétides	1193	199.0	103.0	302.0	6	28991.0	302.0	travers	2,37669	1193	199.0	103.0	302.0	6	28991.0	302.0	3	31118.0	29933.0	289,86	335,44	fétides.	Word	8	302.0	883.0	1193.0	1.0	2227.0	1343.0	clinical	original	226	68
Recording19	cas_226_Original_1	4	1	SET_2_B_general_participant8	48 53	F	employé	Timeline2	L’examen	1023	205.0	163.0	267.0	5	31729.0	230.0	travers	2,31743	1023	205.0	163.0	267.0	5	31729.0	230.0	2	31696.0	32139.0	298,6	220,32	L’examen	Word	8	230.0	393.0	850.0	1.0	810.0	417.0	clinical	original	226	69
Recording19	cas_226_Original_1	4	2	SET_2_B_general_participant8	48 53	F	employé	Timeline2	clinique	565	282.0	242.0	323.0	2	37081.0	242.0	travers	2,28026	565	282.0	242.0	323.0	2	37081.0	242.0	1	37048.0	37666.0	253,17	217,11	clinique	Word	8	0.0	0.0	0.0		0.0	0.0	clinical	original	226	70
Recording19	cas_226_Original_1	4	3	SET_2_B_general_participant8	48 53	F	employé	Timeline2	d’admission	448	224.0	160.0	288.0	2	32636.0	160.0	travers	2,34281	448	224.0	160.0	288.0	2	32636.0	160.0	1	32599.0	33099.0	259,85	497,56	d’admission	Word	11	160.0	448.0	448.0	0.0	448.0	0.0	clinical	original	226	71
Recording19	cas_226_Original_1	4	4	SET_2_B_general_participant8	48 53	F	employé	Timeline2	a	0				0			travers		0				0			0					a	Word	1	0.0	0.0	0.0		0.0	0.0	clinical	original	226	72
Recording19	cas_226_Original_1	4	5	SET_2_B_general_participant8	48 53	F	employé	Timeline2	révélé	742	185.0	102.0	297.0	4	33188.0	105.0	travers	2,37853	742	185.0	102.0	297.0	4	33188.0	105.0	1	33099.0	33566.0	497,56	217,52	révélé	Word	6	105.0	343.0	343.0	0.0	343.0	0.0	clinical	original	226	73
Recording19	cas_226_Original_1	4	6	SET_2_B_general_participant8	48 53	F	employé	Timeline2	au	693	173.0	65.0	238.0	4	33591.0	222.0	travers	2,36082	693	173.0	65.0	238.0	4	33591.0	222.0	0	33566.0	38714.0	217,52	222,59	au	Word	2	222.0	222.0	455.0	1.0	1345.0	1123.0	clinical	original	226	74
Recording19	cas_226_Original_1	4	7	SET_2_B_general_participant8	48 53	F	employé	Timeline2	toucher	162	162.0	162.0	162.0	1	38744.0	162.0	travers	2,23945	162	162.0	162.0	162.0	1	38744.0	162.0	0	38714.0	38906.0	222,59	160,92	toucher	Word	7	0.0	0.0	0.0		0.0	0.0	clinical	original	226	75
Recording19	cas_226_Original_1	4	8	SET_2_B_general_participant8	48 53	F	employé	Timeline2	vaginal	137	137.0	137.0	137.0	1	38933.0	137.0	travers	2,22518	137	137.0	137.0	137.0	1	38933.0	137.0	0	38906.0		160,92		vaginal	Word	7	0.0	0.0	0.0		0.0	0.0	clinical	original	226	76
Recording19	cas_226_Original_1	4	9	SET_2_B_general_participant8	48 53	F	employé	Timeline2	combiné	1178	236.0	162.0	400.0	5	35174.0	400.0	travers	2,33638	1178	236.0	162.0	400.0	5	35174.0	400.0	1	35143.0	35754.0	259,27	244,24	combiné	Word	7	400.0	562.0	940.0	1.0	1932.0	1370.0	clinical	original	226	77
Recording19	cas_226_Original_1	4	10	SET_2_B_general_participant8	48 53	F	employé	Timeline2	au	0				0			travers		0				0			0					au	Word	2	0.0	0.0	0.0		0.0	0.0	clinical	original	226	78
Recording19	cas_226_Original_1	4	11	SET_2_B_general_participant8	48 53	F	employé	Timeline2	palper	0				0			travers		0				0			0					palper	Word	6	0.0	0.0	0.0		0.0	0.0	clinical	original	226	79
Recording19	cas_226_Original_1	4	12	SET_2_B_general_participant8	48 53	F	employé	Timeline2	abdominal	0				0			travers		0				0			0					abdominal	Word	9	0.0	0.0	0.0		0.0	0.0	clinical	original	226	80
Recording19	cas_226_Original_1	4	13	SET_2_B_general_participant8	48 53	F	employé	Timeline2	une	220	220.0	220.0	220.0	1	37699.0	220.0	travers	2,27475	220	220.0	220.0	220.0	1	37699.0	220.0	0	37666.0		217,11		une	Word	3	220.0	220.0	220.0	1.0	285.0	65.0	clinical	original	226	81
Recording19	cas_226_Original_1	4	14	SET_2_B_general_participant8	48 53	F	employé	Timeline2	masse	327	327.0	327.0	327.0	1	38126.0	327.0	travers	2,3179	327	327.0	327.0	327.0	1	38126.0	327.0	0		38453.0		132,29	masse	Word	5	327.0	327.0	327.0	1.0	1067.0	740.0	clinical	original	226	82
Recording19	cas_226_Original_1	4	15	SET_2_B_general_participant8	48 53	F	employé	Timeline2	ferme	227	227.0	227.0	227.0	1	41378.0	227.0	travers	2,34736	227	227.0	227.0	227.0	1	41378.0	227.0	0	41349.0		248,77		ferme,	Word	6	0.0	0.0	0.0		0.0	0.0	clinical	original	226	83
Recording19	cas_226_Original_1	4	16	SET_2_B_general_participant8	48 53	F	employé	Timeline2	douloureuse	275	137.0	105.0	170.0	2	41661.0	105.0	travers	2,35925	275	137.0	105.0	170.0	2	41661.0	105.0	0					douloureuse,	Word	12	0.0	0.0	0.0		0.0	0.0	clinical	original	226	84
Recording19	cas_226_Original_1	4	17	SET_2_B_general_participant8	48 53	F	employé	Timeline2	palpée	303	152.0	137.0	167.0	2	39561.0	137.0	travers	2,32411	303	152.0	137.0	167.0	2	39561.0	137.0	0	39536.0	39698.0	159,62	84,28	palpée	Word	6	0.0	0.0	0.0		0.0	0.0	clinical	original	226	85
Recording19	cas_226_Original_1	4	18	SET_2_B_general_participant8	48 53	F	employé	Timeline2	à	160	160.0	160.0	160.0	1	42338.0	160.0	travers	2,3504	160	160.0	160.0	160.0	1	42338.0	160.0	0		42498.0		80,03	à	Word	1	0.0	0.0	0.0		0.0	0.0	clinical	original	226	86
Recording19	cas_226_Original_1	4	19	SET_2_B_general_participant8	48 53	F	employé	Timeline2	travers	708	177.0	90.0	253.0	4	39359.0	177.0	travers	2,34912	708	177.0	90.0	253.0	4	39359.0	177.0	1	39328.0	39536.0	216,96	159,62	travers	Word	7	177.0	177.0	430.0	1.0	805.0	628.0	clinical	original	226	87
Recording19	cas_226_Original_1	4	20	SET_2_B_general_participant8	48 53	F	employé	Timeline2	la	0				0			travers		0				0			0					la	Word	2	0.0	0.0	0.0		0.0	0.0	clinical	original	226	88
Recording19	cas_226_Original_1	4	21	SET_2_B_general_participant8	48 53	F	employé	Timeline2	paroi	0				0			travers		0				0			0					paroi	Word	5	0.0	0.0	0.0		0.0	0.0	clinical	original	226	89
Recording19	cas_226_Original_1	4	22	SET_2_B_general_participant8	48 53	F	employé	Timeline2	vaginale	162	162.0	162.0	162.0	1	40701.0	162.0	travers	2,30286	162	162.0	162.0	162.0	1	40701.0	162.0	0		40863.0		544,77	vaginale	Word	8	162.0	162.0	162.0	0.0	162.0	0.0	clinical	original	226	90
Recording19	cas_226_Original_1	4	23	SET_2_B_general_participant8	48 53	F	employé	Timeline2	antérieure	367	183.0	105.0	262.0	2	40949.0	105.0	travers	2,35252	367	183.0	105.0	262.0	2	40949.0	105.0	0	40863.0	41349.0	544,77	248,77	antérieure	Word	10	105.0	367.0	367.0	1.0	868.0	502.0	clinical	original	226	91
Recording19	cas_226_Original_1	4	24	SET_2_B_general_participant8	48 53	F	employé	Timeline2	faisant	0				0			travers		0				0			0					faisant	Word	7	0.0	0.0	0.0		0.0	0.0	clinical	original	226	92
Recording19	cas_226_Original_1	4	25	SET_2_B_general_participant8	48 53	F	employé	Timeline2	évoquer	0				0			travers		0				0			0					évoquer	Word	7	0.0	0.0	0.0		0.0	0.0	clinical	original	226	93
Recording19	cas_226_Original_1	4	26	SET_2_B_general_participant8	48 53	F	employé	Timeline2	une	0				0			travers		0				0			0					une	Word	3	0.0	0.0	0.0		0.0	0.0	clinical	original	226	94
Recording19	cas_226_Original_1	4	27	SET_2_B_general_participant8	48 53	F	employé	Timeline2	tumeur	185	185.0	185.0	185.0	1	42083.0	185.0	travers	2,38432	185	185.0	185.0	185.0	1	42083.0	185.0	0					tumeur	Word	6	185.0	185.0	185.0	1.0	790.0	605.0	clinical	original	226	95
Recording19	cas_226_Original_1	4	28	SET_2_B_general_participant8	48 53	F	employé	Timeline2	vésicale	0				0			travers		0				0			0					vésicale.	Word	9							clinical	original	226	96
Recording19	cas_226_Original_2	1	1	SET_2_B_general_participant8	48 53	F	employé	Timeline2	Le	0				0			inflammatoire		0				0			0					Le	Word	2	0.0	0.0	0.0		0.0	0.0	clinical	original	226	97
Recording19	cas_226_Original_2	1	2	SET_2_B_general_participant8	48 53	F	employé	Timeline2	reste	283	283.0	283.0	283.0	1	376.0	283.0	inflammatoire	2,50657	283	283.0	283.0	283.0	1	376.0	283.0	0		659.0		200,33	reste	Word	5	0.0	0.0	0.0		0.0	0.0	clinical	original	226	98
Recording19	cas_226_Original_2	1	3	SET_2_B_general_participant8	48 53	F	employé	Timeline2	de	0				0			inflammatoire		0				0			0					de	Word	2	0.0	0.0	0.0		0.0	0.0	clinical	original	226	99
Recording19	cas_226_Original_2	1	4	SET_2_B_general_participant8	48 53	F	employé	Timeline2	l’examen	310	103.0	62.0	138.0	3	962.0	138.0	inflammatoire	2,49052	310	103.0	62.0	138.0	3	962.0	138.0	0	904.0		365,76		l’examen	Word	8	0.0	0.0	0.0		0.0	0.0	clinical	original	226	100
Recording19	cas_226_Original_2	1	5	SET_2_B_general_participant8	48 53	F	employé	Timeline2	somatique	523	174.0	140.0	228.0	3	1566.0	155.0	inflammatoire	2,42841	523	174.0	140.0	228.0	3	1566.0	155.0	1		2141.0		303,34	somatique	Word	9	0.0	0.0	0.0		0.0	0.0	clinical	original	226	101
Recording19	cas_226_Original_2	1	6	SET_2_B_general_participant8	48 53	F	employé	Timeline2	était	243	243.0	243.0	243.0	1	2174.0	243.0	inflammatoire	2,37735	243	243.0	243.0	243.0	1	2174.0	243.0	0	2141.0	2417.0	303,34	155,46	était	Word	5	0.0	0.0	0.0		0.0	0.0	clinical	original	226	102
Recording19	cas_226_Original_2	1	7	SET_2_B_general_participant8	48 53	F	employé	Timeline2	sans	182	182.0	182.0	182.0	1	2442.0	182.0	inflammatoire	2,35902	182	182.0	182.0	182.0	1	2442.0	182.0	0	2417.0	2624.0	155,46	219,86	sans	Word	4	0.0	0.0	0.0		0.0	0.0	clinical	original	226	103
Recording19	cas_226_Original_2	1	8	SET_2_B_general_participant8	48 53	F	employé	Timeline2	particularité	240	240.0	240.0	240.0	1	2654.0	240.0	inflammatoire	2,32951	240	240.0	240.0	240.0	1	2654.0	240.0	0	2624.0	2894.0	219,86	489,43	particularité.	Word	14	0.0	0.0	0.0		0.0	0.0	clinical	original	226	104
Recording19	cas_226_Original_2	2	1	SET_2_B_general_participant8	48 53	F	employé	Timeline2	L’échographie	607	121.0	92.0	150.0	5	229.0	92.0	inflammatoire	2,3901	607	121.0	92.0	150.0	5	229.0	92.0	1	127.0		620,32		L’échographie	Word	13	92.0	92.0	607.0	1.0	2388.0	2297.0	clinical	original	226	105
Recording19	cas_226_Original_2	2	2	SET_2_B_general_participant8	48 53	F	employé	Timeline2	pelvienne	223	223.0	223.0	223.0	1	3641.0	223.0	inflammatoire	2,35896	223	223.0	223.0	223.0	1	3641.0	223.0	0		3864.0		296,45	pelvienne	Word	9	223.0	223.0	223.0	0.0	223.0	0.0	clinical	original	226	106
Recording19	cas_226_Original_2	2	3	SET_2_B_general_participant8	48 53	F	employé	Timeline2	a	0				0			inflammatoire		0				0			0					a	Word	1	0.0	0.0	0.0		0.0	0.0	clinical	original	226	107
Recording19	cas_226_Original_2	2	4	SET_2_B_general_participant8	48 53	F	employé	Timeline2	montré	423	212.0	100.0	323.0	2	3901.0	323.0	inflammatoire	2,36433	423	212.0	100.0	323.0	2	3901.0	323.0	1	3864.0	4352.0	296,45	184,79	montré	Word	6	323.0	423.0	423.0	0.0	423.0	0.0	clinical	original	226	108
Recording19	cas_226_Original_2	2	5	SET_2_B_general_participant8	48 53	F	employé	Timeline2	une	0				0			inflammatoire		0				0			0					une	Word	3	0.0	0.0	0.0		0.0	0.0	clinical	original	226	109
Recording19	cas_226_Original_2	2	6	SET_2_B_general_participant8	48 53	F	employé	Timeline2	tumeur	477	159.0	128.0	178.0	3	4377.0	178.0	inflammatoire	2,35861	477	159.0	128.0	178.0	3	4377.0	178.0	1	4352.0	4746.0	184,79	240,79	tumeur	Word	6	178.0	348.0	348.0	0.0	348.0	0.0	clinical	original	226	110
Recording19	cas_226_Original_2	2	7	SET_2_B_general_participant8	48 53	F	employé	Timeline2	vésicale	1318	220.0	112.0	318.0	6	4777.0	310.0	inflammatoire	2,3535	1318	220.0	112.0	318.0	6	4777.0	310.0	3	4746.0		240,79		vésicale	Word	8	310.0	510.0	510.0	0.0	510.0	0.0	clinical	original	226	111
Recording19	cas_226_Original_2	2	8	SET_2_B_general_participant8	48 53	F	employé	Timeline2	latéro-trégonale	1293	216.0	68.0	390.0	6	5404.0	78.0	inflammatoire	2,35167	1293	216.0	68.0	390.0	6	5404.0	78.0	2					latéro-trégonale	Word	16	78.0	593.0	1293.0	1.0	2230.0	1637.0	clinical	original	226	112
Recording19	cas_226_Original_2	2	9	SET_2_B_general_participant8	48 53	F	employé	Timeline2	gauche	255	128.0	102.0	153.0	2	8266.0	102.0	inflammatoire	2,40514	255	128.0	102.0	153.0	2	8266.0	102.0	1					gauche	Word	6	102.0	255.0	255.0	0.0	255.0	0.0	clinical	original	226	113
Recording19	cas_226_Original_2	2	10	SET_2_B_general_participant8	48 53	F	employé	Timeline2	de	0				0			inflammatoire		0				0			0					de	Word	2	0.0	0.0	0.0		0.0	0.0	clinical	original	226	114
Recording19	cas_226_Original_2	2	11	SET_2_B_general_participant8	48 53	F	employé	Timeline2	47/48/52	1158	232.0	143.0	397.0	5	8596.0	180.0	inflammatoire	2,34041	1158	232.0	143.0	397.0	5	8596.0	180.0	4					47/48/52	Word	8	180.0	1158.0	1158.0	0.0	1158.0	0.0	clinical	original	226	115
Recording19	cas_226_Original_2	2	12	SET_2_B_general_participant8	48 53	F	employé	Timeline2	mm	162	162.0	162.0	162.0	1	9882.0	162.0	inflammatoire	2,27615	162	162.0	162.0	162.0	1	9882.0	162.0	0					mm	Word	2	162.0	162.0	162.0	0.0	162.0	0.0	clinical	original	226	116
Recording19	cas_226_Original_2	2	13	SET_2_B_general_participant8	48 53	F	employé	Timeline2	de	0				0			inflammatoire		0				0			0					de	Word	2	0.0	0.0	0.0		0.0	0.0	clinical	original	226	117
Recording19	cas_226_Original_2	2	14	SET_2_B_general_participant8	48 53	F	employé	Timeline2	diamètre	297	297.0	297.0	297.0	1	10082.0	297.0	inflammatoire	2,28313	297	297.0	297.0	297.0	1	10082.0	297.0	0		10379.0		240,96	diamètre,	Word	9	297.0	297.0	297.0	0.0	297.0	0.0	clinical	original	226	118
Recording19	cas_226_Original_2	2	15	SET_2_B_general_participant8	48 53	F	employé	Timeline2	avec	353	177.0	167.0	187.0	2	10412.0	167.0	inflammatoire	2,27514	353	177.0	167.0	187.0	2	10412.0	167.0	0	10379.0		240,96		avec	Word	4	167.0	353.0	353.0	0.0	353.0	0.0	clinical	original	226	119
Recording19	cas_226_Original_2	2	16	SET_2_B_general_participant8	48 53	F	employé	Timeline2	un	0				0			inflammatoire		0				0			0					un	Word	2	0.0	0.0	0.0		0.0	0.0	clinical	original	226	120
Recording19	cas_226_Original_2	2	17	SET_2_B_general_participant8	48 53	F	employé	Timeline2	retentissement	560	187.0	80.0	245.0	3	10911.0	80.0	inflammatoire	2,3469	560	187.0	80.0	245.0	3	10911.0	80.0	2					retentissement	Word	14	80.0	560.0	560.0	0.0	560.0	0.0	clinical	original	226	121
Recording19	cas_226_Original_2	2	18	SET_2_B_general_participant8	48 53	F	employé	Timeline2	sur	0				0			inflammatoire		0				0			0					sur	Word	3	0.0	0.0	0.0		0.0	0.0	clinical	original	226	122
Recording19	cas_226_Original_2	2	19	SET_2_B_general_participant8	48 53	F	employé	Timeline2	le	240	240.0	240.0	240.0	1	11577.0	240.0	inflammatoire	2,38131	240	240.0	240.0	240.0	1	11577.0	240.0	0		11817.0		159,03	le	Word	2	240.0	240.0	240.0	0.0	240.0	0.0	clinical	original	226	123
Recording19	cas_226_Original_2	2	20	SET_2_B_general_participant8	48 53	F	employé	Timeline2	haut	310	155.0	138.0	172.0	2	11841.0	138.0	inflammatoire	2,37394	310	155.0	138.0	172.0	2	11841.0	138.0	0	11817.0		159,03		haut	Word	4	138.0	138.0	138.0	0.0	138.0	0.0	clinical	original	226	124
Recording19	cas_226_Original_2	2	21	SET_2_B_general_participant8	48 53	F	employé	Timeline2	appareil	492	164.0	153.0	172.0	3	12016.0	172.0	inflammatoire	2,35546	492	164.0	153.0	172.0	3	12016.0	172.0	0	12382.0	12187.0	315,99	248,77	appareil	Word	8	172.0	172.0	172.0	0.0	172.0	0.0	clinical	original	226	125
Recording19	cas_226_Original_2	2	22	SET_2_B_general_participant8	48 53	F	employé	Timeline2	du	0				0			inflammatoire		0				0			0					du	Word	2	0.0	0.0	0.0		0.0	0.0	clinical	original	226	126
Recording19	cas_226_Original_2	2	23	SET_2_B_general_participant8	48 53	F	employé	Timeline2	côté	318	106.0	73.0	162.0	3	12221.0	162.0	inflammatoire	2,36501	318	106.0	73.0	162.0	3	12221.0	162.0	0	12187.0	12382.0	248,77	315,99	côté	Word	4	162.0	162.0	318.0	1.0	810.0	648.0	clinical	original	226	127
Recording19	cas_226_Original_2	2	24	SET_2_B_general_participant8	48 53	F	employé	Timeline2	gauche	193	193.0	193.0	193.0	1	13437.0	193.0	inflammatoire	2,48144	193	193.0	193.0	193.0	1	13437.0	193.0	0		13631.0		239,98	gauche.	Word	7	193.0	193.0	193.0	0.0	193.0	0.0	clinical	original	226	128
Recording19	cas_226_Original_2	3	1	SET_2_B_general_participant8	48 53	F	employé	Timeline2	La	303	152.0	112.0	192.0	2	13659.0	192.0	inflammatoire	2,46104	303	152.0	112.0	192.0	2	13659.0	192.0	1	13631.0	13976.0	239,98	161,99	La	Word	2	192.0	303.0	303.0	0.0	303.0	0.0	clinical	original	226	129
Recording19	cas_226_Original_2	3	2	SET_2_B_general_participant8	48 53	F	employé	Timeline2	TDM	635	635.0	635.0	635.0	1	14001.0	635.0	inflammatoire	2,4585	635	635.0	635.0	635.0	1	14001.0	635.0	0	13976.0	14636.0	161,99	510,11	TDM	Word	3	635.0	635.0	635.0	0.0	635.0	0.0	clinical	original	226	130
Recording19	cas_226_Original_2	3	3	SET_2_B_general_participant8	48 53	F	employé	Timeline2	abdomino-pelvienne	1023	205.0	95.0	343.0	5	14727.0	95.0	inflammatoire	2,47611	1023	205.0	95.0	343.0	5	14727.0	95.0	2	14636.0	15862.0	510,11	323,33	abdomino-pelvienne	Word	18	95.0	1023.0	1023.0	0.0	1023.0	0.0	clinical	original	226	131
Recording19	cas_226_Original_2	3	4	SET_2_B_general_participant8	48 53	F	employé	Timeline2	a	215	215.0	215.0	215.0	1	16925.0	215.0	inflammatoire	2,27629	215	215.0	215.0	215.0	1	16925.0	215.0	0		17140.0		217,97	a	Word	1	0.0	0.0	0.0		0.0	0.0	clinical	original	226	132
Recording19	cas_226_Original_2	3	5	SET_2_B_general_participant8	48 53	F	employé	Timeline2	objectivé	1043	174.0	117.0	238.0	6	15896.0	145.0	inflammatoire	2,3185	1043	174.0	117.0	238.0	6	15896.0	145.0	3	15862.0	16515.0	323,33	289,92	objectivé	Word	9	145.0	583.0	583.0	0.0	583.0	0.0	clinical	original	226	133
Recording19	cas_226_Original_2	3	6	SET_2_B_general_participant8	48 53	F	employé	Timeline2	une	98	98.0	98.0	98.0	1	16550.0	98.0	inflammatoire	2,29339	98	98.0	98.0	98.0	1	16550.0	98.0	0	16515.0		289,92		une	Word	3	98.0	98.0	98.0	1.0	773.0	675.0	clinical	original	226	134
Recording19	cas_226_Original_2	3	7	SET_2_B_general_participant8	48 53	F	employé	Timeline2	masse	302	151.0	122.0	180.0	2	17584.0	180.0	inflammatoire	2,30015	302	151.0	122.0	180.0	2	17584.0	180.0	1					masse	Word	5	180.0	302.0	302.0	0.0	302.0	0.0	clinical	original	226	135
Recording19	cas_226_Original_2	3	8	SET_2_B_general_participant8	48 53	F	employé	Timeline2	tumorale	727	242.0	152.0	352.0	3	17959.0	223.0	inflammatoire	2,3567	727	242.0	152.0	352.0	3	17959.0	223.0	2					tumorale	Word	8	223.0	727.0	727.0	0.0	727.0	0.0	clinical	original	226	136
Recording19	cas_226_Original_2	3	9	SET_2_B_general_participant8	48 53	F	employé	Timeline2	hétérogène	717	239.0	155.0	287.0	3	18749.0	287.0	inflammatoire	2,36009	717	239.0	155.0	287.0	3	18749.0	287.0	2		19504.0		521,68	hétérogène	Word	10	287.0	717.0	717.0	0.0	717.0	0.0	clinical	original	226	137
Recording19	cas_226_Original_2	3	10	SET_2_B_general_participant8	48 53	F	employé	Timeline2	avec	190	190.0	190.0	190.0	1	19715.0	190.0	inflammatoire	2,3548	190	190.0	190.0	190.0	1	19715.0	190.0	0					avec	Word	4	0.0	0.0	0.0		0.0	0.0	clinical	original	226	138
Recording19	cas_226_Original_2	3	11	SET_2_B_general_participant8	48 53	F	employé	Timeline2	des	88	88.0	88.0	88.0	1	19592.0	88.0	inflammatoire	2,36029	88	88.0	88.0	88.0	1	19592.0	88.0	0	19504.0		521,68		des	Word	3	88.0	88.0	88.0	1.0	278.0	190.0	clinical	original	226	139
Recording19	cas_226_Original_2	3	12	SET_2_B_general_participant8	48 53	F	employé	Timeline2	calcifications	322	322.0	322.0	322.0	1	19957.0	322.0	inflammatoire	2,37017	322	322.0	322.0	322.0	1	19957.0	322.0	0		20279.0		324,67	calcifications	Word	14	322.0	322.0	322.0	0.0	322.0	0.0	clinical	original	226	140
Recording19	cas_226_Original_2	3	13	SET_2_B_general_participant8	48 53	F	employé	Timeline2	périphériques	850	170.0	73.0	283.0	5	20315.0	115.0	inflammatoire	2,32631	850	170.0	73.0	283.0	5	20315.0	115.0	2	20279.0	21459.0	324,67	287,2	périphériques	Word	13	115.0	850.0	850.0	0.0	850.0	0.0	clinical	original	226	141
Recording19	cas_226_Original_2	3	14	SET_2_B_general_participant8	48 53	F	employé	Timeline2	développées	740	247.0	233.0	265.0	3	21490.0	265.0	inflammatoire	2,35958	740	247.0	233.0	265.0	3	21490.0	265.0	2	21459.0	22272.0	287,2	269,54	développées	Word	11	265.0	740.0	740.0	0.0	740.0	0.0	clinical	original	226	142
Recording19	cas_226_Original_2	3	15	SET_2_B_general_participant8	48 53	F	employé	Timeline2	au	197	197.0	197.0	197.0	1	22307.0	197.0	inflammatoire	2,37191	197	197.0	197.0	197.0	1	22307.0	197.0	0	22272.0	22504.0	269,54	147,77	au	Word	2	197.0	197.0	197.0	0.0	197.0	0.0	clinical	original	226	143
Recording19	cas_226_Original_2	3	16	SET_2_B_general_participant8	48 53	F	employé	Timeline2	dépend	280	140.0	107.0	173.0	2	22527.0	173.0	inflammatoire	2,3629	280	140.0	107.0	173.0	2	22527.0	173.0	0	22504.0	22700.0	147,77	169,54	dépend	Word	6	173.0	173.0	173.0	0.0	173.0	0.0	clinical	original	226	144
Recording19	cas_226_Original_2	3	17	SET_2_B_general_participant8	48 53	F	employé	Timeline2	de	140	140.0	140.0	140.0	1	22729.0	140.0	inflammatoire	2,3732	140	140.0	140.0	140.0	1	22729.0	140.0	0	22700.0		169,54		de	Word	2	140.0	140.0	140.0	1.0	247.0	107.0	clinical	original	226	145
Recording19	cas_226_Original_2	3	18	SET_2_B_general_participant8	48 53	F	employé	Timeline2	la	0				0			inflammatoire		0				0			0					la	Word	2	0.0	0.0	0.0		0.0	0.0	clinical	original	226	146
Recording19	cas_226_Original_2	3	19	SET_2_B_general_participant8	48 53	F	employé	Timeline2	paroi	285	142.0	122.0	163.0	2	23104.0	122.0	inflammatoire	2,33168	285	142.0	122.0	163.0	2	23104.0	122.0	1	23010.0		513,62		paroi	Word	5	122.0	285.0	285.0	0.0	285.0	0.0	clinical	original	226	147
Recording19	cas_226_Original_2	3	20	SET_2_B_general_participant8	48 53	F	employé	Timeline2	latérale	327	163.0	142.0	185.0	2	23439.0	185.0	inflammatoire	2,3376	327	163.0	142.0	185.0	2	23439.0	185.0	1					latérale	Word	8	185.0	327.0	327.0	0.0	327.0	0.0	clinical	original	226	148
Recording19	cas_226_Original_2	3	21	SET_2_B_general_participant8	48 53	F	employé	Timeline2	gauche	152	152.0	152.0	152.0	1	24032.0	152.0	inflammatoire	2,34925	152	152.0	152.0	152.0	1	24032.0	152.0	0		24184.0		221,44	gauche	Word	6	152.0	152.0	152.0	0.0	152.0	0.0	clinical	original	226	149
Recording19	cas_226_Original_2	3	22	SET_2_B_general_participant8	48 53	F	employé	Timeline2	de	0				0			inflammatoire		0				0			0					de	Word	2	0.0	0.0	0.0		0.0	0.0	clinical	original	226	150
Recording19	cas_226_Original_2	3	23	SET_2_B_general_participant8	48 53	F	employé	Timeline2	la	455	227.0	158.0	297.0	2	24220.0	297.0	inflammatoire	2,44513	455	227.0	158.0	297.0	2	24220.0	297.0	0	24184.0	24517.0	221,44	176,3	la	Word	2	297.0	297.0	297.0	0.0	297.0	0.0	clinical	original	226	151
Recording19	cas_226_Original_2	3	24	SET_2_B_general_participant8	48 53	F	employé	Timeline2	vessie	135	135.0	135.0	135.0	1	24542.0	135.0	inflammatoire	2,45467	135	135.0	135.0	135.0	1	24542.0	135.0	0	24517.0		176,3		vessie	Word	6	135.0	135.0	135.0	1.0	293.0	158.0	clinical	original	226	152
Recording19	cas_226_Original_2	3	25	SET_2_B_general_participant8	48 53	F	employé	Timeline2	avec	217	217.0	217.0	217.0	1	24909.0	217.0	inflammatoire	2,4347	217	217.0	217.0	217.0	1	24909.0	217.0	0	24872.0		338,74		avec	Word	4	217.0	217.0	217.0	0.0	217.0	0.0	clinical	original	226	153
Recording19	cas_226_Original_2	3	26	SET_2_B_general_participant8	48 53	F	employé	Timeline2	une	120	120.0	120.0	120.0	1	25162.0	120.0	inflammatoire	2,4624	120	120.0	120.0	120.0	1	25162.0	120.0	0		25282.0		489,59	une	Word	3	120.0	120.0	120.0	0.0	120.0	0.0	clinical	original	226	154
Recording19	cas_226_Original_2	3	27	SET_2_B_general_participant8	48 53	F	employé	Timeline2	urétéro-hydronéphrose	3298	220.0	67.0	528.0	15	25354.0	108.0	inflammatoire	2,41501	3298	220.0	67.0	528.0	15	25354.0	108.0	11	25282.0	29150.0	489,59	214,36	urétéro-hydronéphrose	Word	21	108.0	3298.0	3298.0	0.0	3298.0	0.0	clinical	original	226	155
Recording19	cas_226_Original_2	3	28	SET_2_B_general_participant8	48 53	F	employé	Timeline2	gauche	220	220.0	220.0	220.0	1	29179.0	220.0	inflammatoire	2,26625	220	220.0	220.0	220.0	1	29179.0	220.0	0	29150.0	29399.0	214,36	404,89	gauche.	Word	7	220.0	220.0	220.0	0.0	220.0	0.0	clinical	original	226	156
Recording19	cas_226_Original_2	4	1	SET_2_B_general_participant8	48 53	F	employé	Timeline2	Par	0				0			inflammatoire		0				0			0					Par	Word	3	0.0	0.0	0.0		0.0	0.0	clinical	original	226	157
Recording19	cas_226_Original_2	4	2	SET_2_B_general_participant8	48 53	F	employé	Timeline2	la	218	218.0	218.0	218.0	1	29452.0	218.0	inflammatoire	2,24532	218	218.0	218.0	218.0	1	29452.0	218.0	0	29399.0	29670.0	404,89	115,87	la	Word	2	218.0	218.0	218.0	0.0	218.0	0.0	clinical	original	226	158
Recording19	cas_226_Original_2	4	3	SET_2_B_general_participant8	48 53	F	employé	Timeline2	suite	663	166.0	93.0	235.0	4	29694.0	142.0	inflammatoire	2,34358	663	166.0	93.0	235.0	4	29694.0	142.0	1	29670.0	34010.0	115,87	39,63	suite,	Word	6	142.0	142.0	142.0	0.0	142.0	0.0	clinical	original	226	159
Recording19	cas_226_Original_2	4	4	SET_2_B_general_participant8	48 53	F	employé	Timeline2	la	0				0			inflammatoire		0				0			0					la	Word	2	0.0	0.0	0.0		0.0	0.0	clinical	original	226	160
Recording19	cas_226_Original_2	4	5	SET_2_B_general_participant8	48 53	F	employé	Timeline2	patiente	687	172.0	140.0	192.0	4	29892.0	192.0	inflammatoire	2,26789	687	172.0	140.0	192.0	4	29892.0	192.0	2		30255.0		176,11	patiente	Word	8	192.0	332.0	332.0	0.0	332.0	0.0	clinical	original	226	161
Recording19	cas_226_Original_2	4	6	SET_2_B_general_participant8	48 53	F	employé	Timeline2	a	0				0			inflammatoire		0				0			0					a	Word	1	0.0	0.0	0.0		0.0	0.0	clinical	original	226	162
Recording19	cas_226_Original_2	4	7	SET_2_B_general_participant8	48 53	F	employé	Timeline2	subi	213	213.0	213.0	213.0	1	30282.0	213.0	inflammatoire	2,21939	213	213.0	213.0	213.0	1	30282.0	213.0	0	30255.0	30495.0	176,11	273,46	subi	Word	4	213.0	213.0	213.0	0.0	213.0	0.0	clinical	original	226	163
Recording19	cas_226_Original_2	4	8	SET_2_B_general_participant8	48 53	F	employé	Timeline2	une	0				0			inflammatoire		0				0			0					une	Word	3	0.0	0.0	0.0		0.0	0.0	clinical	original	226	164
Recording19	cas_226_Original_2	4	9	SET_2_B_general_participant8	48 53	F	employé	Timeline2	cystoscopie	840	210.0	165.0	282.0	4	30529.0	282.0	inflammatoire	2,26848	840	210.0	165.0	282.0	4	30529.0	282.0	2	30495.0	31197.0	273,46	92,51	cystoscopie	Word	11	282.0	628.0	628.0	0.0	628.0	0.0	clinical	original	226	165
Recording19	cas_226_Original_2	4	10	SET_2_B_general_participant8	48 53	F	employé	Timeline2	avec	143	143.0	143.0	143.0	1	35334.0	143.0	inflammatoire	2,2975	143	143.0	143.0	143.0	1	35334.0	143.0	0	35312.0	35477.0	111,06	230,88	avec	Word	4	0.0	0.0	0.0		0.0	0.0	clinical	original	226	166
Recording19	cas_226_Original_2	4	11	SET_2_B_general_participant8	48 53	F	employé	Timeline2	biopsie	650	217.0	105.0	287.0	3	32012.0	287.0	inflammatoire	2,34522	650	217.0	105.0	287.0	3	32012.0	287.0	2	31989.0	32695.0	141,39	481,05	biopsie	Word	7	287.0	650.0	650.0	1.0	743.0	93.0	clinical	original	226	167
Recording19	cas_226_Original_2	4	12	SET_2_B_general_participant8	48 53	F	employé	Timeline2	et	0				0			inflammatoire		0				0			0					et	Word	2	0.0	0.0	0.0		0.0	0.0	clinical	original	226	168
Recording19	cas_226_Original_2	4	13	SET_2_B_general_participant8	48 53	F	employé	Timeline2	l’étude	343	343.0	343.0	343.0	1	32909.0	343.0	inflammatoire	2,33998	343	343.0	343.0	343.0	1	32909.0	343.0	0					l’étude	Word	7	343.0	343.0	343.0	1.0	772.0	428.0	clinical	original	226	169
Recording19	cas_226_Original_2	4	14	SET_2_B_general_participant8	48 53	F	employé	Timeline2	anatomo-pathologique	1023	171.0	102.0	233.0	6	34020.0	150.0	inflammatoire	2,3529	1023	171.0	102.0	233.0	6	34020.0	150.0	1	34010.0	37925.0	39,63	251,7	anatomo-pathologique	Word	20	150.0	150.0	252.0	1.0	505.0	355.0	clinical	original	226	170
Recording19	cas_226_Original_2	4	15	SET_2_B_general_participant8	48 53	F	employé	Timeline2	a	0				0			inflammatoire		0				0			0					a	Word	1	0.0	0.0	0.0		0.0	0.0	clinical	original	226	171
Recording19	cas_226_Original_2	4	16	SET_2_B_general_participant8	48 53	F	employé	Timeline2	révélé	415	207.0	148.0	267.0	2	34634.0	267.0	inflammatoire	2,37711	415	207.0	148.0	267.0	2	34634.0	267.0	1	34599.0	35069.0	304,75	251,54	révélé	Word	6	267.0	415.0	415.0	1.0	770.0	355.0	clinical	original	226	172
Recording19	cas_226_Original_2	4	17	SET_2_B_general_participant8	48 53	F	employé	Timeline2	qu’il	0				0			inflammatoire		0				0			0					qu’il	Word	5	0.0	0.0	0.0		0.0	0.0	clinical	original	226	173
Recording19	cas_226_Original_2	4	18	SET_2_B_general_participant8	48 53	F	employé	Timeline2	s’agissait	125	125.0	125.0	125.0	1	38532.0	125.0	inflammatoire	2,28034	125	125.0	125.0	125.0	1	38532.0	125.0	0					s’agissait	Word	10	0.0	0.0	0.0		0.0	0.0	clinical	original	226	174
Recording19	cas_226_Original_2	4	19	SET_2_B_general_participant8	48 53	F	employé	Timeline2	d’une	147	147.0	147.0	147.0	1	35510.0	147.0	inflammatoire	2,35058	147	147.0	147.0	147.0	1	35510.0	147.0	0	35477.0	35657.0	230,88	512,95	d’une	Word	5	147.0	147.0	147.0	1.0	248.0	102.0	clinical	original	226	175
Recording19	cas_226_Original_2	4	20	SET_2_B_general_participant8	48 53	F	employé	Timeline2	pseudotumeur	2257	282.0	138.0	800.0	8	35877.0	192.0	inflammatoire	2,38852	2257	282.0	138.0	800.0	8	35877.0	192.0	5		36892.0		81,7	pseudotumeur	Word	12	192.0	992.0	1140.0	1.0	1763.0	772.0	clinical	original	226	176
Recording19	cas_226_Original_2	4	21	SET_2_B_general_participant8	48 53	F	employé	Timeline2	inflammatoire	405	203.0	180.0	225.0	2	42285.0	225.0	inflammatoire	2,33304	405	203.0	180.0	225.0	2	42285.0	225.0	0					inflammatoire	Word	13	0.0	0.0	0.0		0.0	0.0	clinical	original	226	177
Recording19	cas_226_Original_2	4	22	SET_2_B_general_participant8	48 53	F	employé	Timeline2	de	0				0			inflammatoire		0				0			0					de	Word	2	0.0	0.0	0.0		0.0	0.0	clinical	original	226	178
Recording19	cas_226_Original_2	4	23	SET_2_B_general_participant8	48 53	F	employé	Timeline2	la	298	149.0	92.0	207.0	2	37957.0	207.0	inflammatoire	2,46813	298	149.0	92.0	207.0	2	37957.0	207.0	0	37925.0	38164.0	251,7	115,58	la	Word	2	207.0	207.0	207.0	0.0	207.0	0.0	clinical	original	226	179
Recording19	cas_226_Original_2	4	24	SET_2_B_general_participant8	48 53	F	employé	Timeline2	vessie	160	160.0	160.0	160.0	1	38187.0	160.0	inflammatoire	2,48336	160	160.0	160.0	160.0	1	38187.0	160.0	0	38164.0	38347.0	115,58	169,82	vessie,	Word	7	160.0	160.0	160.0	1.0	377.0	217.0	clinical	original	226	180
Recording19	cas_226_Original_2	4	25	SET_2_B_general_participant8	48 53	F	employé	Timeline2	confirmée	180	180.0	180.0	180.0	1	38747.0	180.0	inflammatoire	2,41232	180	180.0	180.0	180.0	1	38747.0	180.0	0		38927.0		196,02	confirmée	Word	9	180.0	180.0	180.0	0.0	180.0	0.0	clinical	original	226	181
Recording19	cas_226_Original_2	4	26	SET_2_B_general_participant8	48 53	F	employé	Timeline2	par	0				0			inflammatoire		0				0			0					par	Word	3	0.0	0.0	0.0		0.0	0.0	clinical	original	226	182
Recording19	cas_226_Original_2	4	27	SET_2_B_general_participant8	48 53	F	employé	Timeline2	l’étude	397	198.0	130.0	267.0	2	38957.0	267.0	inflammatoire	2,40224	397	198.0	130.0	267.0	2	38957.0	267.0	1	38927.0	39372.0	196,02	526,14	l’étude	Word	7	267.0	397.0	397.0	0.0	397.0	0.0	clinical	original	226	183
Recording19	cas_226_Original_2	4	28	SET_2_B_general_participant8	48 53	F	employé	Timeline2	immunohistochimique	1272	254.0	105.0	407.0	5	39464.0	105.0	inflammatoire	2,43494	1272	254.0	105.0	407.0	5	39464.0	105.0	1	39372.0		526,14		immunohistochimique.	Word	20	105.0	250.0	1272.0	1.0	2942.0	2692.0	clinical	original	226	184
Recording19	cas_226_Original_3	1	1	SET_2_B_general_participant8	48 53	F	employé	Timeline2	Après	152	152.0	152.0	152.0	1	455.0	152.0	confirmé	2,50425	152	152.0	152.0	152.0	1	455.0	152.0	0	448.0	606.0	35,33	261,08	Après	Word	5	152.0	152.0	152.0	0.0	152.0	0.0	clinical	original	226	185
Recording19	cas_226_Original_3	1	2	SET_2_B_general_participant8	48 53	F	employé	Timeline2	un	0				0			confirmé		0				0			0					un	Word	2	0.0	0.0	0.0		0.0	0.0	clinical	original	226	186
Recording19	cas_226_Original_3	1	3	SET_2_B_general_participant8	48 53	F	employé	Timeline2	bilan	197	197.0	197.0	197.0	1	935.0	197.0	confirmé	2,49816	197	197.0	197.0	197.0	1	935.0	197.0	0					bilan	Word	5	197.0	197.0	197.0	0.0	197.0	0.0	clinical	original	226	187
Recording19	cas_226_Original_3	1	4	SET_2_B_general_participant8	48 53	F	employé	Timeline2	préopératoire	567	189.0	68.0	327.0	3	1186.0	68.0	confirmé	2,45295	567	189.0	68.0	327.0	3	1186.0	68.0	0					préopératoire	Word	13	68.0	567.0	567.0	0.0	567.0	0.0	clinical	original	226	188
Recording19	cas_226_Original_3	1	5	SET_2_B_general_participant8	48 53	F	employé	Timeline2	qui	0				0			confirmé		0				0			0					qui	Word	3	0.0	0.0	0.0		0.0	0.0	clinical	original	226	189
Recording19	cas_226_Original_3	1	6	SET_2_B_general_participant8	48 53	F	employé	Timeline2	s’est	233	233.0	233.0	233.0	1	2103.0	233.0	confirmé	2,39608	233	233.0	233.0	233.0	1	2103.0	233.0	0					s’est	Word	5	233.0	233.0	233.0	0.0	233.0	0.0	clinical	original	226	190
Recording19	cas_226_Original_3	1	7	SET_2_B_general_participant8	48 53	F	employé	Timeline2	révélé	185	185.0	185.0	185.0	1	2388.0	185.0	confirmé	2,36819	185	185.0	185.0	185.0	1	2388.0	185.0	0					révélé	Word	6	185.0	185.0	185.0	0.0	185.0	0.0	clinical	original	226	191
Recording19	cas_226_Original_3	1	8	SET_2_B_general_participant8	48 53	F	employé	Timeline2	normal	198	198.0	198.0	198.0	1	2630.0	198.0	confirmé	2,33263	198	198.0	198.0	198.0	1	2630.0	198.0	0		2828.0		257,13	normal,	Word	7	198.0	198.0	198.0	0.0	198.0	0.0	clinical	original	226	192
Recording19	cas_226_Original_3	1	9	SET_2_B_general_participant8	48 53	F	employé	Timeline2	la	0				0			confirmé		0				0			0					la	Word	2	0.0	0.0	0.0		0.0	0.0	clinical	original	226	193
Recording19	cas_226_Original_3	1	10	SET_2_B_general_participant8	48 53	F	employé	Timeline2	patiente	365	183.0	135.0	230.0	2	2860.0	230.0	confirmé	2,33537	365	183.0	135.0	230.0	2	2860.0	230.0	1	2828.0	3248.0	257,13	555,33	patiente	Word	8	230.0	365.0	365.0	0.0	365.0	0.0	clinical	original	226	194
Recording19	cas_226_Original_3	1	11	SET_2_B_general_participant8	48 53	F	employé	Timeline2	a	0				0			confirmé		0				0			0					a	Word	1	0.0	0.0	0.0		0.0	0.0	clinical	original	226	195
Recording19	cas_226_Original_3	1	12	SET_2_B_general_participant8	48 53	F	employé	Timeline2	été	293	293.0	293.0	293.0	1	3478.0	293.0	confirmé	2,37089	293	293.0	293.0	293.0	1	3478.0	293.0	0					été	Word	3	0.0	0.0	0.0		0.0	0.0	clinical	original	226	196
Recording19	cas_226_Original_3	1	13	SET_2_B_general_participant8	48 53	F	employé	Timeline2	opérée	107	107.0	107.0	107.0	1	3338.0	107.0	confirmé	2,35302	107	107.0	107.0	107.0	1	3338.0	107.0	0	3248.0		555,33		opérée	Word	6	107.0	107.0	107.0	1.0	400.0	293.0	clinical	original	226	197
Recording19	cas_226_Original_3	1	14	SET_2_B_general_participant8	48 53	F	employé	Timeline2	par	0				0			confirmé		0				0			0					par	Word	3	0.0	0.0	0.0		0.0	0.0	clinical	original	226	198
Recording19	cas_226_Original_3	1	15	SET_2_B_general_participant8	48 53	F	employé	Timeline2	voie	260	130.0	127.0	133.0	2	3833.0	127.0	confirmé	2,42933	260	130.0	127.0	133.0	2	3833.0	127.0	0		4305.0		148,3	voie	Word	4	127.0	260.0	260.0	0.0	260.0	0.0	clinical	original	226	199
Recording19	cas_226_Original_3	1	16	SET_2_B_general_participant8	48 53	F	employé	Timeline2	sus-pubienne	933	187.0	112.0	320.0	5	4328.0	320.0	confirmé	2,39704	933	187.0	112.0	320.0	5	4328.0	320.0	2	4305.0	5228.0	148,3	299,46	sus-pubienne	Word	12	320.0	822.0	822.0	0.0	822.0	0.0	clinical	original	226	200
Recording19	cas_226_Original_3	1	17	SET_2_B_general_participant8	48 53	F	employé	Timeline2	avec	510	170.0	158.0	177.0	3	5261.0	158.0	confirmé	2,35214	510	170.0	158.0	177.0	3	5261.0	158.0	1	5228.0	5613.0	299,46	219,15	avec	Word	4	158.0	335.0	510.0	1.0	622.0	287.0	clinical	original	226	201
Recording19	cas_226_Original_3	1	18	SET_2_B_general_participant8	48 53	F	employé	Timeline2	une	0				0			confirmé		0				0			0					une	Word	3	0.0	0.0	0.0		0.0	0.0	clinical	original	226	202
Recording19	cas_226_Original_3	1	19	SET_2_B_general_participant8	48 53	F	employé	Timeline2	exérèse	852	213.0	175.0	248.0	4	6013.0	197.0	confirmé	2,33185	852	213.0	175.0	248.0	4	6013.0	197.0	3	5983.0	6915.0	240,85	254,95	exérèse	Word	7	197.0	852.0	852.0	0.0	852.0	0.0	clinical	original	226	203
Recording19	cas_226_Original_3	1	20	SET_2_B_general_participant8	48 53	F	employé	Timeline2	de	0				0			confirmé		0				0			0					de	Word	2	0.0	0.0	0.0		0.0	0.0	clinical	original	226	204
Recording19	cas_226_Original_3	1	21	SET_2_B_general_participant8	48 53	F	employé	Timeline2	la	208	208.0	208.0	208.0	1	6950.0	208.0	confirmé	2,32391	208	208.0	208.0	208.0	1	6950.0	208.0	0	6915.0	7158.0	254,95	115,05	la	Word	2	208.0	208.0	208.0	0.0	208.0	0.0	clinical	original	226	205
Recording19	cas_226_Original_3	1	22	SET_2_B_general_participant8	48 53	F	employé	Timeline2	tumeur	293	293.0	293.0	293.0	1	7181.0	293.0	confirmé	2,32964	293	293.0	293.0	293.0	1	7181.0	293.0	0	7158.0	7475.0	115,05	487,49	tumeur	Word	6	293.0	293.0	293.0	0.0	293.0	0.0	clinical	original	226	206
Recording19	cas_226_Original_3	1	23	SET_2_B_general_participant8	48 53	F	employé	Timeline2	et	0				0			confirmé		0				0			0					et	Word	2	0.0	0.0	0.0		0.0	0.0	clinical	original	226	207
Recording19	cas_226_Original_3	1	24	SET_2_B_general_participant8	48 53	F	employé	Timeline2	la	308	308.0	308.0	308.0	1	7695.0	308.0	confirmé	2,34984	308	308.0	308.0	308.0	1	7695.0	308.0	0					la	Word	2	0.0	0.0	0.0		0.0	0.0	clinical	original	226	208
Recording19	cas_226_Original_3	1	25	SET_2_B_general_participant8	48 53	F	employé	Timeline2	mise	95	95.0	95.0	95.0	1	7568.0	95.0	confirmé	2,34192	95	95.0	95.0	95.0	1	7568.0	95.0	0	7475.0		487,49		mise	Word	4	95.0	95.0	95.0	1.0	403.0	308.0	clinical	original	226	209
Recording19	cas_226_Original_3	1	26	SET_2_B_general_participant8	48 53	F	employé	Timeline2	en	0				0			confirmé		0				0			0					en	Word	2	0.0	0.0	0.0		0.0	0.0	clinical	original	226	210
Recording19	cas_226_Original_3	1	27	SET_2_B_general_participant8	48 53	F	employé	Timeline2	place	363	363.0	363.0	363.0	1	8055.0	363.0	confirmé	2,33963	363	363.0	363.0	363.0	1	8055.0	363.0	0		8418.0		207,45	place	Word	5	363.0	363.0	363.0	0.0	363.0	0.0	clinical	original	226	211
Recording19	cas_226_Original_3	1	28	SET_2_B_general_participant8	48 53	F	employé	Timeline2	d’une	157	157.0	157.0	157.0	1	8453.0	157.0	confirmé	2,31484	157	157.0	157.0	157.0	1	8453.0	157.0	0	8418.0	8610.0	207,45	183,67	d’une	Word	5	157.0	157.0	157.0	0.0	157.0	0.0	clinical	original	226	212
Recording19	cas_226_Original_3	1	29	SET_2_B_general_participant8	48 53	F	employé	Timeline2	sonde	317	158.0	115.0	202.0	2	8638.0	202.0	confirmé	2,27534	317	158.0	115.0	202.0	2	8638.0	202.0	1	8610.0		183,67		sonde	Word	5	202.0	317.0	317.0	0.0	317.0	0.0	clinical	original	226	213
Recording19	cas_226_Original_3	1	30	SET_2_B_general_participant8	48 53	F	employé	Timeline2	urétérale	1322	220.0	62.0	393.0	6	9028.0	138.0	confirmé	2,23304	1322	220.0	62.0	393.0	6	9028.0	138.0	5		10445.0		223,82	urétérale	Word	9	138.0	1322.0	1322.0	0.0	1322.0	0.0	clinical	original	226	214
Recording19	cas_226_Original_3	1	31	SET_2_B_general_participant8	48 53	F	employé	Timeline2	du	0				0			confirmé		0				0			0					du	Word	2	0.0	0.0	0.0		0.0	0.0	clinical	original	226	215
Recording19	cas_226_Original_3	1	32	SET_2_B_general_participant8	48 53	F	employé	Timeline2	côté	240	240.0	240.0	240.0	1	10475.0	240.0	confirmé	2,27559	240	240.0	240.0	240.0	1	10475.0	240.0	0	10445.0	10715.0	223,82	181,8	côté	Word	4	240.0	240.0	240.0	0.0	240.0	0.0	clinical	original	226	216
Recording19	cas_226_Original_3	1	33	SET_2_B_general_participant8	48 53	F	employé	Timeline2	gauche	182	182.0	182.0	182.0	1	10743.0	182.0	confirmé	2,28292	182	182.0	182.0	182.0	1	10743.0	182.0	0	10715.0	10925.0	181,8	220,06	gauche,	Word	7	182.0	182.0	182.0	0.0	182.0	0.0	clinical	original	226	217
Recording19	cas_226_Original_3	1	34	SET_2_B_general_participant8	48 53	F	employé	Timeline2	retirée	657	328.0	213.0	443.0	2	10956.0	213.0	confirmé	2,30997	657	328.0	213.0	443.0	2	10956.0	213.0	1	10925.0	11628.0	220,06	514,56	retirée	Word	7	213.0	657.0	657.0	0.0	657.0	0.0	clinical	original	226	218
Recording19	cas_226_Original_3	1	35	SET_2_B_general_participant8	48 53	F	employé	Timeline2	10	123	123.0	123.0	123.0	1	11860.0	123.0	confirmé	2,27755	123	123.0	123.0	123.0	1	11860.0	123.0	0	11841.0		77,62		10	Word	2	0.0	0.0	0.0		0.0	0.0	clinical	original	226	219
Recording19	cas_226_Original_3	1	36	SET_2_B_general_participant8	48 53	F	employé	Timeline2	jours	112	112.0	112.0	112.0	1	11730.0	112.0	confirmé	2,28331	112	112.0	112.0	112.0	1	11730.0	112.0	0	11628.0	11841.0	514,56	77,62	jours	Word	5	112.0	112.0	112.0	1.0	235.0	123.0	clinical	original	226	220
Recording19	cas_226_Original_3	1	37	SET_2_B_general_participant8	48 53	F	employé	Timeline2	après	0				0			confirmé		0				0			0					après.	Word	6	0.0	0.0	0.0		0.0	0.0	clinical	original	226	221
Recording19	cas_226_Original_3	2	1	SET_2_B_general_participant8	48 53	F	employé	Timeline2	L’examen	315	158.0	142.0	173.0	2	12363.0	142.0	confirmé	2,38703	315	158.0	142.0	173.0	2	12363.0	142.0	1					L’examen	Word	8	142.0	315.0	315.0	0.0	315.0	0.0	clinical	original	226	222
Recording19	cas_226_Original_3	2	2	SET_2_B_general_participant8	48 53	F	employé	Timeline2	définitif	233	233.0	233.0	233.0	1	12748.0	233.0	confirmé	2,41351	233	233.0	233.0	233.0	1	12748.0	233.0	0		12981.0		172,14	définitif	Word	9	233.0	233.0	233.0	0.0	233.0	0.0	clinical	original	226	223
Recording19	cas_226_Original_3	2	3	SET_2_B_general_participant8	48 53	F	employé	Timeline2	de	177	177.0	177.0	177.0	1	13008.0	177.0	confirmé	2,38154	177	177.0	177.0	177.0	1	13008.0	177.0	0	12981.0	13185.0	172,14	176,31	de	Word	2	177.0	177.0	177.0	0.0	177.0	0.0	clinical	original	226	224
Recording19	cas_226_Original_3	2	4	SET_2_B_general_participant8	48 53	F	employé	Timeline2	la	0				0			confirmé		0				0			0					la	Word	2	0.0	0.0	0.0		0.0	0.0	clinical	original	226	225
Recording19	cas_226_Original_3	2	5	SET_2_B_general_participant8	48 53	F	employé	Timeline2	pièce	380	190.0	147.0	233.0	2	13211.0	233.0	confirmé	2,32705	380	190.0	147.0	233.0	2	13211.0	233.0	0	13185.0	13445.0	176,31	277,16	pièce	Word	5	233.0	233.0	233.0	0.0	233.0	0.0	clinical	original	226	226
Recording19	cas_226_Original_3	2	6	SET_2_B_general_participant8	48 53	F	employé	Timeline2	opératoire	457	228.0	137.0	320.0	2	13478.0	320.0	confirmé	2,31349	457	228.0	137.0	320.0	2	13478.0	320.0	1	13445.0		277,16		opératoire	Word	10	320.0	457.0	457.0	1.0	603.0	147.0	clinical	original	226	227
Recording19	cas_226_Original_3	2	7	SET_2_B_general_participant8	48 53	F	employé	Timeline2	a	0				0			confirmé		0				0			0					a	Word	1	0.0	0.0	0.0		0.0	0.0	clinical	original	226	228
Recording19	cas_226_Original_3	2	8	SET_2_B_general_participant8	48 53	F	employé	Timeline2	confirmé	458	229.0	185.0	273.0	2	14226.0	273.0	confirmé	2,38975	458	229.0	185.0	273.0	2	14226.0	273.0	0	19833.0	14500.0	442,13	209,09	confirmé	Word	8	273.0	273.0	273.0	0.0	273.0	0.0	clinical	original	226	229
Recording19	cas_226_Original_3	2	9	SET_2_B_general_participant8	48 53	F	employé	Timeline2	qu’il	82	82.0	82.0	82.0	1	14536.0	82.0	confirmé	2,31677	82	82.0	82.0	82.0	1	14536.0	82.0	0	14500.0		209,09		qu’il	Word	5	82.0	82.0	82.0	0.0	82.0	0.0	clinical	original	226	230
Recording19	cas_226_Original_3	2	10	SET_2_B_general_participant8	48 53	F	employé	Timeline2	s’agissait	270	135.0	105.0	165.0	2	14656.0	165.0	confirmé	2,29175	270	135.0	105.0	165.0	2	14656.0	165.0	1					s’agissait	Word	10	165.0	270.0	270.0	0.0	270.0	0.0	clinical	original	226	231
Recording19	cas_226_Original_3	2	11	SET_2_B_general_participant8	48 53	F	employé	Timeline2	d’une	0				0			confirmé		0				0			0					d’une	Word	5	0.0	0.0	0.0		0.0	0.0	clinical	original	226	232
Recording19	cas_226_Original_3	2	12	SET_2_B_general_participant8	48 53	F	employé	Timeline2	tumeur	320	160.0	75.0	245.0	2	15055.0	75.0	confirmé	2,27615	320	160.0	75.0	245.0	2	15055.0	75.0	1					tumeur	Word	6	75.0	320.0	320.0	0.0	320.0	0.0	clinical	original	226	233
Recording19	cas_226_Original_3	2	13	SET_2_B_general_participant8	48 53	F	employé	Timeline2	inflammatoire	432	144.0	120.0	173.0	3	15458.0	138.0	confirmé	2,3117	432	144.0	120.0	173.0	3	15458.0	138.0	2					inflammatoire	Word	13	138.0	432.0	432.0	0.0	432.0	0.0	clinical	original	226	234
Recording19	cas_226_Original_3	2	14	SET_2_B_general_participant8	48 53	F	employé	Timeline2	de	0				0			confirmé		0				0			0					de	Word	2	0.0	0.0	0.0		0.0	0.0	clinical	original	226	235
Recording19	cas_226_Original_3	2	15	SET_2_B_general_participant8	48 53	F	employé	Timeline2	la	108	108.0	108.0	108.0	1	16246.0	108.0	confirmé	2,2588	108	108.0	108.0	108.0	1	16246.0	108.0	0	16225.0	16355.0	128,94	362,99	la	Word	2	0.0	0.0	0.0		0.0	0.0	clinical	original	226	236
Recording19	cas_226_Original_3	2	16	SET_2_B_general_participant8	48 53	F	employé	Timeline2	vessie	233	233.0	233.0	233.0	1	15991.0	233.0	confirmé	2,27395	233	233.0	233.0	233.0	1	15991.0	233.0	0		16225.0		128,94	vessie.	Word	7	233.0	233.0	233.0	1.0	342.0	108.0	clinical	original	226	237
Recording19	cas_226_Original_3	3	1	SET_2_B_general_participant8	48 53	F	employé	Timeline2	L’évolution	532	266.0	237.0	295.0	2	16396.0	237.0	confirmé	2,26873	532	266.0	237.0	295.0	2	16396.0	237.0	1	16355.0	16946.0	362,99	229,3	L’évolution	Word	11	237.0	532.0	532.0	0.0	532.0	0.0	clinical	original	226	238
Recording19	cas_226_Original_3	3	2	SET_2_B_general_participant8	48 53	F	employé	Timeline2	à	0				0			confirmé		0				0			0					à	Word	1	0.0	0.0	0.0		0.0	0.0	clinical	original	226	239
Recording19	cas_226_Original_3	3	3	SET_2_B_general_participant8	48 53	F	employé	Timeline2	long	272	136.0	88.0	183.0	2	16980.0	183.0	confirmé	2,24066	272	136.0	88.0	183.0	2	16980.0	183.0	0	16946.0	17163.0	229,3	182,9	long	Word	4	183.0	183.0	183.0	0.0	183.0	0.0	clinical	original	226	240
Recording19	cas_226_Original_3	3	4	SET_2_B_general_participant8	48 53	F	employé	Timeline2	terme	135	135.0	135.0	135.0	1	17190.0	135.0	confirmé	2,24335	135	135.0	135.0	135.0	1	17190.0	135.0	0	17163.0		182,9		terme	Word	5	135.0	135.0	135.0	1.0	223.0	88.0	clinical	original	226	241
Recording19	cas_226_Original_3	3	5	SET_2_B_general_participant8	48 53	F	employé	Timeline2	était	213	213.0	213.0	213.0	1	17675.0	213.0	confirmé	2,24013	213	213.0	213.0	213.0	1	17675.0	213.0	0		17888.0		133,98	était	Word	5	0.0	0.0	0.0		0.0	0.0	clinical	original	226	242
Recording19	cas_226_Original_3	3	6	SET_2_B_general_participant8	48 53	F	employé	Timeline2	bonne	243	122.0	78.0	165.0	2	17563.0	78.0	confirmé	2,25933	243	122.0	78.0	165.0	2	17563.0	78.0	0	17888.0		133,98		bonne,	Word	6	78.0	78.0	243.0	1.0	457.0	378.0	clinical	original	226	243
Recording19	cas_226_Original_3	3	7	SET_2_B_general_participant8	48 53	F	employé	Timeline2	avec	198	198.0	198.0	198.0	1	18130.0	198.0	confirmé	2,26896	198	198.0	198.0	198.0	1	18130.0	198.0	0					avec	Word	4	198.0	198.0	198.0	0.0	198.0	0.0	clinical	original	226	244
Recording19	cas_226_Original_3	3	8	SET_2_B_general_participant8	48 53	F	employé	Timeline2	un	0				0			confirmé		0				0			0					un	Word	2	0.0	0.0	0.0		0.0	0.0	clinical	original	226	245
Recording19	cas_226_Original_3	3	9	SET_2_B_general_participant8	48 53	F	employé	Timeline2	recul	213	213.0	213.0	213.0	1	18376.0	213.0	confirmé	2,25998	213	213.0	213.0	213.0	1	18376.0	213.0	0		18590.0		121,03	recul	Word	5	213.0	213.0	213.0	0.0	213.0	0.0	clinical	original	226	246
Recording19	cas_226_Original_3	3	10	SET_2_B_general_participant8	48 53	F	employé	Timeline2	de	248	248.0	248.0	248.0	1	18618.0	248.0	confirmé	2,26971	248	248.0	248.0	248.0	1	18618.0	248.0	0	18590.0	18866.0	121,03	116,82	de	Word	2	248.0	248.0	248.0	0.0	248.0	0.0	clinical	original	226	247
Recording19	cas_226_Original_3	3	11	SET_2_B_general_participant8	48 53	F	employé	Timeline2	deux	345	172.0	133.0	212.0	2	18888.0	212.0	confirmé	2,31302	345	172.0	133.0	212.0	2	18888.0	212.0	1	18866.0	19253.0	116,82	443,15	deux	Word	4	212.0	345.0	345.0	1.0	530.0	185.0	clinical	original	226	248
Recording19	cas_226_Original_3	3	12	SET_2_B_general_participant8	48 53	F	employé	Timeline2	ans	0				0			confirmé		0				0			0					ans.	Word	4							clinical	original	226	249
